{"i":1000,"val_loss_history":[5.2434208393097],"val_loss_history_it":[1000],"forward_backward_times":{},"opt":{"max_epochs":50,"checkpoint_every":1000,"batch_size":10,"memory_benchmark":0,"init_from":"","grad_clip":5,"model_type":"lstm","lr_decay_every":5,"print_every":1,"wordvec_size":64,"seq_length":50,"input_json":"li_qing_zhao.json","num_layers":2,"input_h5":"li_qing_zhao.h5","reset_iterations":1,"rnn_size":128,"dropout":0.6,"checkpoint_name":"cv\/checkpoint","batchnorm":0,"learning_rate":0.002,"speed_benchmark":0,"gpu_backend":"cuda","lr_decay_factor":0.5,"gpu":-1},"train_loss_history":[6.9516634941101,6.904661655426,6.8085980415344,6.7308759689331,6.6108255386353,6.5311331748962,6.3703956604004,6.2184252738953,6.1681180000305,6.1677060127258,6.1677484512329,6.0959601402283,5.9884753227234,6.1762971878052,6.0810928344727,5.9417819976807,6.089099407196,5.913854598999,6.0181937217712,6.0211777687073,6.0161881446838,5.9051671028137,5.9490008354187,5.9629120826721,6.0085010528564,5.9624152183533,5.9783525466919,5.9234066009521,5.8241991996765,5.8700137138367,5.9183297157288,5.9511775970459,5.9193587303162,5.7623686790466,5.9498400688171,5.9456610679626,5.7428789138794,5.9654498100281,5.8106050491333,5.8870968818665,5.888491153717,5.8958334922791,5.8672747612,5.8688611984253,5.8768029212952,5.9985995292664,5.9235076904297,5.8716831207275,5.8657574653625,5.7863006591797,5.8083510398865,5.8668398857117,5.8921689987183,5.8548607826233,5.6729764938354,5.8548183441162,5.8789157867432,5.7146501541138,5.8683896064758,5.673168182373,5.8265333175659,5.8047285079956,5.8011083602905,5.7778072357178,5.8063101768494,5.7776308059692,5.8556170463562,5.8230438232422,5.8296370506287,5.7996430397034,5.7158980369568,5.7209577560425,5.8101515769958,5.7865266799927,5.7570638656616,5.6272797584534,5.7635431289673,5.7709999084473,5.6027278900146,5.7734847068787,5.5945081710815,5.7566323280334,5.7529635429382,5.7382235527039,5.6991109848022,5.722047328949,5.7099390029907,5.8386459350586,5.8240218162537,5.7529172897339,5.759895324707,5.6449842453003,5.6883149147034,5.7507476806641,5.7849698066711,5.7208046913147,5.6172313690186,5.7699398994446,5.7541465759277,5.5430626869202,5.7790412902832,5.6037130355835,5.7501831054688,5.7544646263123,5.6565518379211,5.669180393219,5.6449460983276,5.6557703018188,5.7561473846436,5.812066078186,5.7094573974609,5.6876368522644,5.6168432235718,5.5879535675049,5.73473072052,5.7442202568054,5.6816487312317,5.5566487312317,5.7305526733398,5.7304582595825,5.5462627410889,5.7482929229736,5.5452489852905,5.6981620788574,5.7173442840576,5.6237263679504,5.6576442718506,5.6473207473755,5.6663365364075,5.6813321113586,5.7288346290588,5.6809635162354,5.6837592124939,5.5703482627869,5.5712223052979,5.6605787277222,5.7009863853455,5.675076007843,5.5404849052429,5.6894884109497,5.6845273971558,5.4746417999268,5.6712603569031,5.5142211914062,5.6808934211731,5.6807565689087,5.606556892395,5.6312870979309,5.6094393730164,5.6029362678528,5.6829948425293,5.7054762840271,5.6252937316895,5.6701550483704,5.5050492286682,5.5528020858765,5.6557693481445,5.6333546638489,5.6275191307068,5.4633708000183,5.6838173866272,5.6170954704285,5.47749376297,5.6138248443604,5.4696741104126,5.6059279441833,5.6366496086121,5.5473380088806,5.6052498817444,5.5805125236511,5.5972247123718,5.6091561317444,5.6224546432495,5.5922718048096,5.5426087379456,5.4461450576782,5.4844388961792,5.620795249939,5.5801305770874,5.5529279708862,5.4456696510315,5.6429777145386,5.5867886543274,5.4512948989868,5.5864715576172,5.4178609848022,5.5606513023376,5.5499863624573,5.5091137886047,5.574538230896,5.4986057281494,5.5225229263306,5.6100325584412,5.5701637268066,5.5620799064636,5.5576415061951,5.4474358558655,5.4259624481201,5.5591597557068,5.5770406723022,5.5387897491455,5.3809819221497,5.5732226371765,5.5605435371399,5.4203057289124,5.5741190910339,5.3704571723938,5.5065732002258,5.5381817817688,5.4509024620056,5.5165944099426,5.4719853401184,5.493558883667,5.5548005104065,5.5597929954529,5.5234341621399,5.516993522644,5.4029722213745,5.38844871521,5.5216059684753,5.5000162124634,5.4576010704041,5.362343788147,5.5433411598206,5.5340032577515,5.3600730895996,5.5552101135254,5.3580088615417,5.4942164421082,5.5340552330017,5.4718074798584,5.5106582641602,5.443790435791,5.479811668396,5.5382242202759,5.5275497436523,5.4728412628174,5.4897956848145,5.3708086013794,5.3877382278442,5.519100189209,5.4893274307251,5.4790315628052,5.3148756027222,5.5486369132996,5.495671749115,5.3529324531555,5.4967584609985,5.3498401641846,5.4738445281982,5.5100812911987,5.4352116584778,5.4900379180908,5.4345932006836,5.4425311088562,5.4980010986328,5.5207238197327,5.4847092628479,5.4713311195374,5.3527460098267,5.3575773239136,5.4861512184143,5.4741177558899,5.4322948455811,5.2697176933289,5.5206179618835,5.4864935874939,5.3112745285034,5.4941515922546,5.3341202735901,5.4535760879517,5.4666752815247,5.3932728767395,5.4990787506104,5.4208436012268,5.4309701919556,5.501540184021,5.4849066734314,5.4688558578491,5.4269852638245,5.3360676765442,5.3527750968933,5.4547700881958,5.458568572998,5.431384563446,5.2753257751465,5.4347720146179,5.4471497535706,5.2686266899109,5.4539470672607,5.3066940307617,5.3936719894409,5.4828495979309,5.4108228683472,5.444363117218,5.3960328102112,5.4023504257202,5.4441366195679,5.453049659729,5.4305062294006,5.3942241668701,5.2929005622864,5.3211960792542,5.4084143638611,5.4323039054871,5.4266910552979,5.2692265510559,5.4531826972961,5.4543380737305,5.271532535553,5.4464840888977,5.262345790863,5.3936567306519,5.410737991333,5.3668947219849,5.444079875946,5.3583192825317,5.4188160896301,5.4360795021057,5.4468655586243,5.3876490592957,5.3808054924011,5.289981842041,5.3296265602112,5.4112610816956,5.3873209953308,5.3501229286194,5.2551398277283,5.4704475402832,5.4255886077881,5.2374320030212,5.4105334281921,5.2823038101196,5.389711856842,5.456184387207,5.2948927879333,5.4100079536438,5.3670620918274,5.3944430351257,5.3807582855225,5.3915696144104,5.4239630699158,5.3611907958984,5.2787866592407,5.3270969390869,5.3894491195679,5.4250144958496,5.3535318374634,5.2158160209656,5.4390683174133,5.3898401260376,5.1984791755676,5.4126949310303,5.244891166687,5.3344821929932,5.3971905708313,5.3486971855164,5.3992600440979,5.3296089172363,5.3566555976868,5.4167485237122,5.4152603149414,5.4175672531128,5.3706998825073,5.2544975280762,5.2828831672668,5.37051820755,5.4059457778931,5.3591275215149,5.2096691131592,5.4205875396729,5.3524260520935,5.2076997756958,5.3953070640564,5.2603769302368,5.3457760810852,5.401960849762,5.3262014389038,5.3808703422546,5.3114261627197,5.3599338531494,5.3842644691467,5.4153847694397,5.4065198898315,5.3533930778503,5.2784199714661,5.2539467811584,5.3653035163879,5.3701710700989,5.3323001861572,5.2077980041504,5.4098834991455,5.3800325393677,5.1742024421692,5.3931641578674,5.1938166618347,5.3433403968811,5.3947877883911,5.3621878623962,5.3630304336548,5.3330645561218,5.3490138053894,5.381245136261,5.4054164886475,5.3494791984558,5.3472056388855,5.2460560798645,5.2677330970764,5.3550996780396,5.3494462966919,5.344907283783,5.2034740447998,5.4192719459534,5.3803286552429,5.183295249939,5.3863964080811,5.2428150177002,5.3237643241882,5.4008040428162,5.2805376052856,5.3714475631714,5.2810010910034,5.3378176689148,5.3608541488647,5.3786044120789,5.3489332199097,5.3202176094055,5.2290081977844,5.2537350654602,5.3411927223206,5.3503680229187,5.3267350196838,5.2091102600098,5.3928556442261,5.3481364250183,5.1939382553101,5.3817486763,5.2241034507751,5.3196201324463,5.3627138137817,5.2756223678589,5.3474931716919,5.2861557006836,5.3210525512695,5.3348274230957,5.3975286483765,5.3648433685303,5.2855081558228,5.2382044792175,5.2488422393799,5.3259453773499,5.3325667381287,5.3194756507874,5.1904654502869,5.4099645614624,5.3435320854187,5.1650266647339,5.3837432861328,5.2304749488831,5.280291557312,5.3495869636536,5.3134288787842,5.3837094306946,5.3152117729187,5.340482711792,