{"i":530,"val_loss_history":[6.0662731401848],"val_loss_history_it":[530],"forward_backward_times":{},"opt":{"max_epochs":1,"checkpoint_every":1000,"batch_size":50,"memory_benchmark":0,"init_from":"","grad_clip":5,"model_type":"lstm","lr_decay_every":5,"print_every":1,"wordvec_size":64,"seq_length":50,"input_json":"songci.json","num_layers":2,"input_h5":"songci.h5","reset_iterations":1,"rnn_size":128,"dropout":0,"checkpoint_name":"cv\/checkpoint","batchnorm":0,"learning_rate":0.002,"speed_benchmark":0,"gpu_backend":"cuda","lr_decay_factor":0.5,"gpu":-1},"train_loss_history":[8.6511487960815,8.582763671875,8.4486198425293,8.2407846450806,7.9932818412781,7.7450609207153,7.4961647987366,7.2409586906433,6.9775047302246,6.7836694717407,6.6672234535217,6.5142698287964,6.4595084190369,6.4548735618591,6.3803453445435,6.4188814163208,6.3494954109192,6.4174108505249,6.3136825561523,6.4684400558472,6.4023594856262,6.3689866065979,6.3525719642639,6.4488458633423,6.4334826469421,6.4112229347229,6.3932223320007,6.3031373023987,6.3883876800537,6.3908314704895,6.4273133277893,6.3370270729065,6.3298439979553,6.369713306427,6.4301099777222,6.3141875267029,6.3361225128174,6.3763747215271,6.268946647644,6.3367609977722,6.3242039680481,6.3518142700195,6.3237400054932,6.3856616020203,6.3585205078125,6.4146757125854,6.3667659759521,6.3495583534241,6.261134147644,6.2664504051208,6.3091416358948,6.2857799530029,6.3341393470764,6.195442199707,6.298210144043,6.3705978393555,6.2733736038208,6.2590680122375,6.2706093788147,6.2438368797302,6.1984477043152,6.2064695358276,6.3341951370239,6.2634148597717,6.265604019165,6.2762570381165,6.2317762374878,6.2339787483215,6.2340912818909,6.2728319168091,6.3506488800049,6.2794790267944,6.2536244392395,6.2291345596313,6.2692527770996,6.2359547615051,6.1616716384888,6.2577266693115,6.2149591445923,6.2888464927673,6.2699875831604,6.237443447113,6.233690738678,6.2842454910278,6.2282576560974,6.3071002960205,6.2411947250366,6.2485489845276,6.2757425308228,6.2148771286011,6.280752658844,6.1771841049194,6.2759537696838,6.1987075805664,6.225061416626,6.2041153907776,6.1955628395081,6.2818551063538,6.2667460441589,6.3355717658997,6.2951641082764,6.1883568763733,6.2875275611877,6.1727905273438,6.2967023849487,6.2314825057983,6.2391424179077,6.2181506156921,6.2976188659668,6.2531337738037,6.3036613464355,6.2899775505066,6.2896890640259,6.1842875480652,6.233699798584,6.1994390487671,6.1998987197876,6.242214679718,6.205952167511,6.2306437492371,6.2399873733521,6.2344856262207,6.2430090904236,6.2554793357849,6.3063111305237,6.2464170455933,6.2624359130859,6.3050761222839,6.1519083976746,6.2180647850037,6.1945867538452,6.1540884971619,6.2009425163269,6.1103839874268,6.2136368751526,6.1578431129456,6.114691734314,6.198459148407,6.1015167236328,6.0942816734314,6.21586561203,6.1532897949219,6.1791915893555,6.2124524116516,6.1523423194885,6.2070536613464,6.2126278877258,6.1862573623657,6.1778702735901,6.1550316810608,6.1041603088379,6.1499228477478,6.2423686981201,6.2997884750366,6.1924419403076,6.22190284729,6.2265520095825,6.2036056518555,6.1130423545837,6.2024846076965,6.1710076332092,6.2035455703735,6.2231698036194,6.1305027008057,6.1424627304077,6.0819802284241,6.1601195335388,6.086594581604,6.0707569122314,6.0850310325623,6.0727257728577,6.0955972671509,6.1490240097046,6.1167516708374,6.0971636772156,6.1462059020996,6.1192212104797,6.1805419921875,6.1343193054199,6.0541129112244,6.1243767738342,6.1828837394714,6.1050162315369,6.1742839813232,6.1635236740112,6.1355352401733,6.1791758537292,6.1347236633301,6.0679755210876,6.1589403152466,6.0898208618164,6.1172924041748,6.1607213020325,6.107081413269,6.2016859054565,6.1366810798645,6.1640357971191,6.2327933311462,6.2144336700439,6.1753225326538,6.1239099502563,6.126669883728,6.0797481536865,6.1170868873596,6.117208480835,6.174551486969,6.1589221954346,6.1736750602722,6.1953253746033,6.2475500106812,6.2218503952026,6.1529302597046,6.1401052474976,6.1797819137573,6.1550312042236,6.1166005134583,6.1528978347778,6.1930499076843,6.1457056999207,6.1815423965454,6.1550011634827,6.1043057441711,6.1946754455566,6.1739912033081,6.1244759559631,6.1390595436096,6.1579012870789,6.1765818595886,6.1952199935913,6.1570477485657,6.1877946853638,6.1908235549927,6.1765365600586,6.2015633583069,6.1091966629028,6.1191868782043,6.1830282211304,6.1688718795776,6.172945022583,6.1636381149292,6.2264285087585,6.2194046974182,6.1666469573975,6.2115788459778,6.1708307266235,6.1795411109924,6.1482834815979,6.1344137191772,6.08509349823,6.1045360565186,6.1288013458252,6.1214075088501,6.1253690719604,6.1114554405212,6.0814890861511,6.1352462768555,6.1796727180481,6.1120400428772,6.1373329162598,6.2108721733093,6.1657214164734,6.2156052589417,6.1786327362061,6.2395443916321,6.1857981681824,6.1891212463379,6.1837091445923,6.1247944831848,6.0960884094238,6.1410746574402,6.1173939704895,6.0935344696045,6.1464328765869,6.1686100959778,6.160502910614,6.1359515190125,6.1189389228821,6.1079702377319,6.1236329078674,6.1905512809753,6.0733294487,6.0934195518494,6.0478911399841,6.0758605003357,6.1013488769531,6.0777263641357,6.1471853256226,6.1939325332642,6.0916576385498,6.071834564209,6.1638584136963,6.0398559570312,6.0523056983948,6.1004905700684,6.0642504692078,6.0772738456726,6.0860033035278,6.0939254760742,6.1507511138916,6.0853357315063,6.168954372406,6.0799236297607,6.081310749054,6.1104927062988,6.0350108146667,6.0489897727966,5.9963135719299,6.1033573150635,6.1231169700623,6.0630307197571,6.0946750640869,6.1113343238831,6.0549325942993,6.101574420929,6.0417904853821,6.0395932197571,6.1045737266541,6.0370259284973,6.0904154777527,6.1393537521362,6.1164293289185,6.054181098938,6.0690021514893,6.1245231628418,6.1235904693604,6.0637993812561,6.0907263755798,6.106210231781,6.130145072937,6.0234880447388,6.1433396339417,6.0701599121094,6.1300587654114,6.1017971038818,6.0565538406372,6.0572986602783,6.0644540786743,6.0769138336182,6.2210855484009,6.1512322425842,6.0552740097046,6.1037483215332,6.0875697135925,6.0325946807861,6.0441017150879,6.0992908477783,6.0601196289062,6.0608315467834,6.1142182350159,6.0487189292908,6.0281558036804,6.0763740539551,6.015209197998,6.0535736083984,6.1256165504456,6.0074653625488,6.1052851676941,6.1108264923096,6.0363450050354,6.0925226211548,6.0374050140381,6.0526576042175,6.1280183792114,6.0959515571594,6.1069927215576,6.0630397796631,6.0452632904053,6.1308279037476,6.0651082992554,5.9950594902039,6.0506634712219,6.0297532081604,6.1357650756836,6.0121250152588,6.0679559707642,5.9629240036011,6.0627007484436,6.0382270812988,6.0291657447815,6.0497159957886,6.001567363739,6.0769391059875,6.0601353645325,6.0167427062988,6.100510597229,6.0839257240295,6.0851073265076,6.1391839981079,6.0823049545288,6.0766544342041,6.0731067657471,6.0403470993042,6.0800213813782,6.0522994995117,5.9976654052734,6.0268597602844,6.0606136322021,6.0169720649719,6.0660247802734,6.0098791122437,6.0025706291199,6.0329065322876,6.0327000617981,5.9484310150146,6.0605812072754,6.0201740264893,6.0442571640015,6.0161361694336,6.0984344482422,6.057590007782,6.0768103599548,6.0395951271057,6.0194330215454,6.0854864120483,6.168933391571,6.0165739059448,6.0172929763794,5.9658212661743,6.0492730140686,5.9586834907532,5.9831228256226,6.0059928894043,6.0270719528198,6.0432496070862,6.0349416732788,6.102126121521,6.0293583869934,6.0680990219116,6.0157651901245,6.1518230438232,6.0981559753418,6.0294561386108,6.0045619010925,6.0521621704102,6.0910506248474,6.0449533462524,6.0070433616638,5.9266176223755,6.0442614555359,6.0273847579956,5.9294281005859,5.9924631118774,6.0500249862671,6.0515475273132,5.9845771789551,5.9376072883606,6.1091594696045,5.9953298568726,6.0995206832886,6.0254812240601,6.0105094909668,6.0051236152649,5.9383072853088,6.044602394104,6.0476889610291,5.9866247177124,6.0004138946533,6.0615386962891,5.9908022880554,5.9728198051453,5.9871487617493,5.9142031669617,6.046046257019,5.9623732566833,6.0364689826965,6.0713744163513,